role,skills
Data Scientist,"Python, SQL, Machine Learning, Statistics, Data Analysis, Pandas, NumPy, Data Visualization"
DevOps Engineer,"AWS, Docker, Kubernetes, Linux, Git, Automation, CI/CD, Python"
Backend Developer,"Java, Python, SQL, APIs, Git, Database, C++, Node.js"
Frontend Developer,"HTML, CSS, JavaScript, React, Git, UI Design"
Cloud Engineer,"AWS, Azure, Docker, Kubernetes, Linux, Networking, Terraform"
Data Analyst,"Python, SQL, Excel, Statistics, Data Visualization, Pandas, Power BI"
Cybersecurity Analyst,"Python, Linux, Networking, Security, Cryptography, Ethical Hacking"
AI Engineer,"Python, Machine Learning, Deep Learning, TensorFlow, Mathematics, PyTorch"
Machine Learning Engineer,"Python, Machine Learning, Deep Learning, TensorFlow, PyTorch, Mathematics, Docker"
Software Developer,"C, C++, Java, Python, Data Structures, Algorithms, Git, SQL"
Full Stack Developer,"HTML, CSS, JavaScript, React, Node.js, SQL, MongoDB, Git"
Database Administrator,"SQL, Database, MySQL, PostgreSQL, Linux, Python, Backup"
Cloud Developer,"Python, AWS, Azure, APIs, Docker, Kubernetes, Git"
Network Engineer,"Networking, Linux, AWS, Security, TCP/IP, Routing, Switching"
Mobile App Developer,"Java, Kotlin, Android, Git, APIs, SQL"